﻿ID,Condition
CD3_C1,colitis
CD3_C2,colitis
CD3_C3,colitis
CD3_C4,colitis
CD3_C5,colitis
CD3_C6,colitis
CD3_C7,colitis
CD3_C8,colitis
CD3_CT1,normal control 
CD3_CT2,normal control 
CD3_CT3,normal control 
CD3_CT4,normal control 
CD3_CT5,normal control 
CD3_CT6,normal control 
CD3_CT7,normal control 
CD3_CT8,normal control 
CD3_NC1,no colitis
CD3_NC2,no colitis
CD3_NC3,no colitis
CD3_NC4,no colitis
CD3_NC5,no colitis
CD3_NC6,no colitis
CD3_NC7,no colitis
CD3_NC8,no colitis